elf0,7844
elf0,1892
elf0,10928
elf0,4800
elf0,9730
elf0,3485
elf0,7293
elf1,11956
elf1,2767
elf1,12893
elf1,2757
elf1,3026
elf1,9979
elf2,4507
elf2,4199
elf2,2855
elf2,1792
elf2,2041
elf2,4162
elf2,3855
elf2,2650
elf2,2165
elf2,5464
elf2,2125
elf2,4979
elf2,4878
elf2,6301
elf3,2546
elf3,3750
elf3,1192
elf3,4692
elf3,6809
elf3,2808
elf3,6505
elf3,2811
elf3,6448
elf3,4270
elf3,2919
elf3,1297
elf3,1678
elf4,2006
elf4,6163
elf4,5949
elf4,2074
elf4,5917
elf4,5796
elf4,3456
elf4,1161
elf4,6843
elf4,3988
elf4,4064
elf4,5591
elf5,17062
elf5,14531
elf5,5297
elf6,16033
elf6,18054
elf6,25935
elf7,3621
elf7,3121
elf7,5884
elf7,5199
elf7,4584
elf7,4796
elf7,1325
elf7,3374
elf7,5789
elf7,2545
elf7,5842
elf7,1760
elf7,5766
elf7,1882
elf7,3084
elf8,10364
elf8,1136
elf8,2256
elf8,5654
elf8,7065
elf8,5990
elf8,3621
elf8,8063
elf9,4334
elf9,1865
elf9,4485
elf9,4741
elf9,2591
elf9,2594
elf9,2991
elf9,3928
elf9,5849
elf9,6864
elf9,4932
elf10,6627
elf10,8318
elf10,11410
elf10,18778
elf11,14870
elf11,13264
elf11,8777
elf11,2567
elf11,15388
elf12,11837
elf12,11042
elf12,12115
elf12,11169
elf12,8021
elf12,4206
elf12,8637
elf13,2955
elf13,2115
elf13,2292
elf13,2759
elf13,6464
elf13,2843
elf13,3817
elf13,1628
elf13,6486
elf13,2499
elf13,3935
elf13,4944
elf13,1427
elf13,4870
elf14,14800
elf14,13942
elf14,2563
elf14,18543
elf15,8415
elf15,5943
elf15,6117
elf15,3863
elf15,7123
elf15,8666
elf15,9834
elf15,7437
elf16,12318
elf16,5577
elf16,8108
elf16,11695
elf16,2720
elf16,3413
elf17,4765
elf17,2805
elf17,2850
elf17,5241
elf17,3910
elf17,4837
elf17,5770
elf17,4998
elf17,3358
elf17,5141
elf17,1052
elf17,2281
elf17,4405
elf17,1714
elf18,7984
elf18,4685
elf18,12922
elf18,11579
elf18,4278
elf19,14877
elf19,4676
elf19,4571
elf19,9279
elf19,11337
elf20,1782
elf20,3009
elf20,14712
elf21,5936
elf21,5243
elf21,3849
elf21,1001
elf21,10728
elf21,3847
elf21,9986
elf22,1531
elf22,3707
elf22,3599
elf22,5533
elf22,4025
elf22,4651
elf22,3934
elf22,4205
elf22,2481
elf22,3462
elf22,1672
elf22,1806
elf22,3833
elf22,4072
elf22,1497
elf23,16920
elf23,25420
elf23,17042
elf24,43927
elf25,8193
elf25,3107
elf25,2831
elf25,4122
elf25,16336
elf26,7507
elf26,1665
elf26,8553
elf26,3231
elf26,2528
elf26,1046
elf26,3491
elf26,4631
elf26,3574
elf27,35988
elf27,29345
elf28,3520
elf28,4006
elf28,6327
elf28,1658
elf28,4714
elf28,1123
elf28,1938
elf28,3667
elf28,3807
elf28,1824
elf28,4808
elf28,4586
elf28,3275
elf28,4548
elf29,9989
elf29,32096
elf30,52470
elf31,1188
elf31,7694
elf31,7875
elf31,6114
elf31,6189
elf31,4343
elf31,6974
elf31,4812
elf31,1776
elf31,4794
elf31,8065
elf32,2364
elf32,4111
elf32,3663
elf32,4182
elf32,3667
elf32,5440
elf32,5482
elf32,2657
elf32,3931
elf32,5871
elf32,5403
elf32,5956
elf32,2659
elf32,2320
elf33,10249
elf33,13770
elf34,6331
elf34,7262
elf34,1498
elf34,1329
elf34,8943
elf34,1563
elf34,8197
elf34,6898
elf34,2300
elf35,5116
elf35,5930
elf35,8363
elf35,8908
elf35,6063
elf35,8325
elf35,1070
elf36,7829
elf36,8877
elf36,5631
elf36,6100
elf36,1007
elf36,4754
elf36,7353
elf36,8363
elf37,13160
elf37,16304
elf37,6155
elf37,15418
elf38,18068
elf38,24378
elf38,16529
elf39,8216
elf39,1918
elf39,3305
elf39,7698
elf39,5936
elf39,2012
elf39,2053
elf39,3575
elf39,5705
elf40,5372
elf40,3627
elf40,2860
elf40,3742
elf40,4117
elf40,5514
elf40,2590
elf40,4503
elf40,2494
elf40,4418
elf40,1908
elf40,4109
elf40,5255
elf40,5749
elf40,5061
elf41,14547
elf41,31905
elf42,4691
elf42,4268
elf42,3887
elf42,4136
elf42,5724
elf42,4507
elf42,2298
elf42,6660
elf42,5243
elf42,4719
elf42,5145
elf42,2949
elf42,1460
elf43,6324
elf43,1211
elf43,2329
elf43,4872
elf43,5530
elf43,1645
elf43,2989
elf43,3687
elf43,3925
elf43,2578
elf43,1153
elf43,4364
elf44,1864
elf44,8160
elf44,9219
elf44,6479
elf44,1098
elf44,9364
elf44,7442
elf44,9665
elf44,1522
elf45,3185
elf45,3657
elf45,5730
elf45,7979
elf45,8956
elf45,2138
elf45,8288
elf45,3524
elf45,7910
elf46,20487
elf47,4948
elf47,4419
elf47,3363
elf47,6742
elf47,1536
elf47,3809
elf47,4289
elf47,1861
elf47,2490
elf47,4842
elf47,1005
elf47,2083
elf47,3115
elf48,5872
elf48,2895
elf48,2163
elf48,6140
elf48,4962
elf48,1566
elf48,1502
elf48,6407
elf48,6241
elf48,7154
elf49,8910
elf49,5483
elf49,10358
elf49,10448
elf49,5912
elf49,9133
elf49,1919
elf49,5768
elf50,7887
elf50,1592
elf50,3503
elf50,6182
elf50,10088
elf50,12143
elf51,3897
elf51,4813
elf51,2087
elf51,2953
elf51,5308
elf51,1587
elf51,7320
elf51,4947
elf51,1366
elf51,6723
elf51,2720
elf52,16484
elf52,15947
elf52,2582
elf52,11421
elf53,2457
elf53,1498
elf53,4113
elf53,5639
elf53,3930
elf53,4950
elf53,4130
elf53,5475
elf53,6156
elf53,4966
elf53,1322
elf53,5749
elf53,5892
elf53,2257
elf54,24070
elf55,2634
elf55,2784
elf55,5289
elf55,1472
elf55,5770
elf55,4442
elf55,1733
elf55,2003
elf55,2281
elf55,4283
elf55,4183
elf55,3183
elf55,5405
elf55,5055
elf55,4089
elf56,6167
elf56,5650
elf56,6531
elf56,8255
elf56,11103
elf56,12421
elf57,8499
elf57,15327
elf57,4714
elf58,52582
elf59,8000
elf59,4408
elf59,4744
elf59,7665
elf59,3565
elf59,6676
elf59,4983
elf59,3282
elf59,1095
elf59,8269
elf60,6893
elf60,4008
elf60,2512
elf60,5249
elf60,6578
elf60,2231
elf60,7044
elf60,7903
elf60,3901
elf60,2480
elf60,1832
elf61,2278
elf61,5805
elf61,7783
elf61,1497
elf61,4503
elf61,5569
elf61,4260
elf61,7618
elf61,3310
elf61,8083
elf62,8025
elf62,17429
elf62,14782
elf62,12645
elf63,5914
elf63,1865
elf63,9622
elf63,4014
elf63,9577
elf63,1812
elf63,8287
elf63,10720
elf64,3848
elf64,12978
elf64,12735
elf64,3860
elf65,5562
elf65,11339
elf65,9051
elf65,6703
elf65,13290
elf65,10611
elf66,1232
elf66,1116
elf66,2620
elf66,2495
elf66,4198
elf66,4751
elf66,6099
elf66,3727
elf66,3111
elf66,2493
elf66,3780
elf66,2379
elf66,3042
elf66,4395
elf66,6100
elf67,62606
elf68,13357
elf68,13984
elf68,11428
elf68,18201
elf69,33875
elf69,5610
elf70,2504
elf70,19711
elf70,17021
elf70,5985
elf71,3759
elf71,5522
elf71,8815
elf71,2113
elf71,2333
elf71,9169
elf71,4805
elf71,2870
elf71,6419
elf72,6210
elf72,4186
elf72,3763
elf72,5633
elf72,5159
elf72,5116
elf72,4448
elf72,4570
elf72,5894
elf72,4045
elf72,1994
elf72,3044
elf73,10366
elf73,6706
elf73,11448
elf73,1927
elf73,10647
elf73,11786
elf73,11927
elf74,1350
elf74,10908
elf74,9325
elf74,2455
elf75,10527
elf75,8300
elf75,1312
elf75,1403
elf75,8155
elf75,8803
elf75,9663
elf75,7780
elf76,2118
elf76,5436
elf76,5909
elf76,4083
elf76,3714
elf76,3001
elf76,2226
elf76,2915
elf76,5627
elf76,6476
elf76,3578
elf76,6112
elf77,36649
elf77,6648
elf78,17271
elf78,23884
elf78,15032
elf79,16967
elf79,17931
elf79,2443
elf80,2520
elf80,1468
elf80,2779
elf80,6020
elf80,4477
elf80,4798
elf80,1894
elf80,2429
elf80,4645
elf80,5053
elf80,6478
elf80,5899
elf80,5824
elf80,2554
elf81,12614
elf81,11252
elf81,25055
elf82,3435
elf82,1317
elf82,5073
elf82,3082
elf82,4576
elf82,5006
elf82,2238
elf82,3055
elf82,4867
elf82,5079
elf82,4385
elf82,5723
elf82,2084
elf82,4307
elf83,6609
elf83,1556
elf83,2351
elf83,2301
elf83,4913
elf83,1820
elf83,1122
elf83,5398
elf83,4738
elf83,2377
elf83,2843
elf83,4704
elf84,1201
elf84,1092
elf84,1622
elf84,6094
elf84,1793
elf84,6521
elf84,8237
elf84,2848
elf84,5617
elf84,6585
elf85,3561
elf85,8072
elf85,3941
elf85,4432
elf85,4740
elf85,9292
elf85,8115
elf85,3586
elf85,5464
elf86,2926
elf86,6812
elf86,5551
elf86,3104
elf86,4369
elf86,7421
elf86,3774
elf86,1272
elf86,1492
elf86,1842
elf86,6058
elf86,1815
elf87,5555
elf87,2688
elf87,8859
elf87,8517
elf87,3338
elf87,1500
elf87,7276
elf87,8130
elf87,5984
elf88,6597
elf88,5544
elf88,4944
elf88,6402
elf88,1336
elf88,4243
elf88,4333
elf88,6374
elf88,6770
elf88,5346
elf89,7225
elf89,33323
elf90,17863
elf90,9174
elf90,21966
elf91,4835
elf91,4359
elf91,6074
elf91,4069
elf91,5984
elf91,11934
elf91,2577
elf92,1738
elf92,2317
elf92,6844
elf92,1672
elf92,4213
elf92,3930
elf92,4658
elf92,5785
elf92,8074
elf92,5695
elf93,3063
elf93,6287
elf93,7248
elf93,5656
elf93,1571
elf93,5468
elf93,1512
elf93,5555
elf93,3192
elf93,7892
elf93,5664
elf94,5819
elf94,28895
elf95,4407
elf95,5072
elf95,4733
elf95,2964
elf95,4073
elf95,5739
elf95,2423
elf95,6131
elf95,3999
elf95,1454
elf95,1221
elf95,1243
elf96,26391
elf97,35896
elf97,26888
elf98,1171
elf98,4136
elf98,1050
elf98,5788
elf98,1049
elf98,5686
elf98,5297
elf98,6035
elf98,2968
elf98,2274
elf98,2771
elf98,5596
elf98,4478
elf98,3401
elf98,5860
elf99,6699
elf99,15009
elf99,4368
elf99,13135
elf99,13609
elf100,6033
elf100,3972
elf100,1214
elf100,1549
elf100,3996
elf100,2251
elf100,3213
elf100,5217
elf100,5525
elf100,3656
elf100,2585
elf100,2710
elf100,6035
elf100,1903
elf100,1586
elf101,8651
elf102,4494
elf102,7096
elf102,7913
elf102,1024
elf102,1334
elf102,1353
elf102,2705
elf102,5405
elf102,1601
elf102,7386
elf103,18756
elf103,19801
elf103,24646
elf104,8490
elf104,5254
elf104,1932
elf104,3706
elf104,1980
elf104,6058
elf104,1961
elf104,3150
elf104,5200
elf104,1337
elf105,2846
elf105,6123
elf105,3274
elf105,4632
elf105,3068
elf105,5384
elf105,5842
elf105,2688
elf105,1307
elf105,3279
elf105,2424
elf105,4783
elf105,3932
elf106,2720
elf106,7808
elf106,5871
elf106,1416
elf106,7979
elf106,6594
elf106,7325
elf106,4214
elf106,5444
elf106,2132
elf107,2626
elf107,6949
elf107,6034
elf107,4887
elf107,6773
elf107,1111
elf107,3317
elf107,3388
elf107,4209
elf107,2809
elf107,2730
elf107,6578
elf107,2700
elf108,8995
elf108,10064
elf109,2134
elf109,5564
elf109,5889
elf109,3719
elf109,6357
elf109,3523
elf109,4600
elf109,2138
elf109,5976
elf109,6025
elf109,5689
elf109,5950
elf109,3745
elf109,1542
elf110,5545
elf110,5789
elf110,4295
elf110,6717
elf110,8612
elf110,3847
elf110,7911
elf110,3367
elf110,6867
elf110,5975
elf111,23119
elf111,18834
elf111,3134
elf112,7080
elf112,2729
elf112,4118
elf112,1407
elf112,7022
elf112,4796
elf112,8459
elf112,8530
elf112,7721
elf112,7333
elf113,5245
elf113,3739
elf113,1338
elf113,1245
elf113,2926
elf113,2695
elf113,4571
elf113,1492
elf113,4794
elf113,4380
elf113,3726
elf113,2225
elf113,2098
elf113,5942
elf113,6081
elf114,2192
elf114,2866
elf114,4690
elf114,4240
elf114,6512
elf114,1881
elf114,5789
elf114,1641
elf114,6017
elf114,4327
elf114,3688
elf114,6622
elf114,3555
elf115,12879
elf115,2468
elf115,13146
elf115,8534
elf115,10525
elf115,4590
elf116,8451
elf116,8697
elf116,11858
elf116,5657
elf116,4893
elf117,14019
elf117,13301
elf117,7206
elf117,13988
elf118,17234
elf118,22191
elf118,13894
elf119,6383
elf119,3682
elf119,5281
elf119,6335
elf119,5412
elf119,5474
elf119,8723
elf119,9536
elf119,8864
elf120,14888
elf120,9953
elf121,2464
elf121,5875
elf121,2484
elf121,1693
elf121,3441
elf121,5883
elf121,7835
elf122,34085
elf123,1997
elf123,9058
elf123,7144
elf123,6222
elf123,2930
elf123,3661
elf123,4107
elf123,8058
elf123,4938
elf124,3033
elf124,2420
elf124,5196
elf124,5152
elf124,1364
elf124,2192
elf124,3442
elf124,1149
elf124,3575
elf124,6916
elf124,6856
elf124,1995
elf124,6259
elf125,1331
elf125,1731
elf125,10757
elf125,3486
elf125,8823
elf125,2450
elf125,8018
elf125,9197
elf126,64329
elf127,25450
elf128,6652
elf128,4972
elf128,5085
elf128,1881
elf128,5555
elf128,1521
elf128,3723
elf128,1158
elf128,3260
elf128,1532
elf128,3131
elf128,2904
elf129,1088
elf129,14166
elf129,4490
elf129,15880
elf129,6439
elf130,19789
elf130,5274
elf130,7770
elf130,11329
elf131,64877
elf132,4256
elf132,5811
elf132,3538
elf132,8943
elf133,6164
elf133,7843
elf133,5400
elf133,14856
elf133,2882
elf134,2781
elf134,3829
elf134,8689
elf134,6347
elf134,8239
elf134,4232
elf134,8606
elf134,5770
elf135,10061
elf135,6576
elf135,19346
elf135,15720
elf136,9071
elf136,6842
elf136,5147
elf136,8570
elf136,4175
elf136,3801
elf136,6512
elf137,21045
elf137,29371
elf138,5646
elf138,1786
elf138,11347
elf138,11957
elf138,4226
elf138,12836
elf139,1786
elf139,1117
elf139,2905
elf139,5545
elf139,2759
elf139,3168
elf139,5993
elf139,1050
elf139,4096
elf139,1812
elf139,1036
elf139,3048
elf139,1602
elf140,5694
elf140,4123
elf140,4940
elf140,8115
elf140,8877
elf140,2063
elf140,7222
elf141,5281
elf141,5676
elf141,5429
elf141,5198
elf141,1480
elf141,7224
elf141,6453
elf141,2535
elf141,1894
elf141,2730
elf141,5489
elf141,6674
elf142,6091
elf142,3148
elf142,4124
elf142,5837
elf142,1575
elf142,4028
elf142,5943
elf142,2374
elf142,3307
elf142,4535
elf142,2008
elf142,2981
elf142,1251
elf142,1902
elf142,1689
elf143,1154
elf143,4931
elf143,1030
elf143,6793
elf143,9190
elf143,6920
elf143,6588
elf143,4759
elf143,5502
elf144,23727
elf145,1716
elf145,2529
elf145,6082
elf145,5333
elf145,2555
elf145,3710
elf145,4174
elf145,1747
elf145,1506
elf145,2434
elf145,2343
elf145,4019
elf145,5704
elf145,1253
elf145,3978
elf146,13129
elf146,11913
elf146,9504
elf146,11759
elf146,5353
elf146,9152
elf147,7685
elf147,7469
elf147,2376
elf147,2221
elf147,3446
elf147,2576
elf147,7992
elf147,2538
elf147,3572
elf147,1715
elf147,7268
elf148,15241
elf148,4735
elf148,10421
elf148,9976
elf148,1717
elf149,3460
elf149,5386
elf149,1806
elf149,3764
elf149,3019
elf149,4349
elf149,6319
elf149,6635
elf149,6608
elf149,7641
elf150,3249
elf150,2254
elf150,4624
elf150,2495
elf150,3325
elf150,1502
elf150,2347
elf150,1544
elf150,2806
elf150,2844
elf150,5702
elf150,3594
elf150,3448
elf150,4378
elf150,5474
elf151,4447
elf151,1251
elf151,1088
elf151,2070
elf151,4109
elf151,1029
elf151,5779
elf151,3795
elf151,1080
elf151,3589
elf151,3016
elf151,2793
elf151,2636
elf151,5946
elf151,4953
elf152,52518
elf153,5836
elf153,6177
elf153,4873
elf153,2860
elf153,4545
elf153,2793
elf153,3492
elf153,6810
elf153,2330
elf153,2067
elf153,3626
elf154,14370
elf154,14242
elf154,8644
elf154,16054
elf154,7313
elf155,8547
elf155,6827
elf155,1264
elf155,8991
elf155,1306
elf155,3829
elf155,6188
elf156,1566
elf156,6239
elf156,4931
elf156,5359
elf156,7314
elf156,7493
elf156,2898
elf156,4429
elf156,5609
elf156,3329
elf157,6747
elf157,3945
elf157,9283
elf157,10312
elf157,2925
elf157,11240
elf158,9133
elf158,14062
elf158,15257
elf158,12353
elf159,12534
elf159,17806
elf159,5580
elf159,7262
elf160,4311
elf160,3933
elf160,3798
elf160,4932
elf160,3040
elf160,1819
elf160,4434
elf160,5705
elf160,1293
elf160,4348
elf160,4241
elf160,3050
elf160,4471
elf160,4445
elf161,21451
elf161,9368
elf162,5252
elf162,6300
elf162,3548
elf162,7323
elf162,2328
elf162,2721
elf162,5001
elf162,1261
elf162,7357
elf162,1350
elf162,7024
elf162,5193
elf163,15832
elf163,15934
elf163,17497
elf163,7846
elf164,1647
elf164,6717
elf164,1323
elf164,5420
elf164,5063
elf164,2488
elf164,3298
elf164,1163
elf164,1205
elf164,3104
elf164,3644
elf164,4177
elf164,2730
elf165,6851
elf165,4735
elf165,2851
elf165,7015
elf165,2836
elf165,4052
elf165,6511
elf165,2413
elf165,4049
elf165,6620
elf165,1205
elf165,3131
elf166,8028
elf166,6431
elf166,8863
elf167,3411
elf167,3434
elf167,1509
elf167,4907
elf167,5244
elf167,2022
elf167,5347
elf167,2648
elf167,5479
elf167,1668
elf167,3461
elf167,1380
elf167,2991
elf167,4789
elf167,1003
elf168,3584
elf168,3947
elf168,2670
elf168,2718
elf168,7380
elf168,1243
elf168,2124
elf168,2825
elf168,5907
elf168,7608
elf168,4592
elf169,7236
elf169,3836
elf169,2137
elf169,1824
elf169,3283
elf169,4702
elf169,6791
elf169,6370
elf169,4781
elf169,1647
elf169,5176
elf169,6373
elf170,2526
elf170,5660
elf170,5065
elf170,1103
elf170,5031
elf170,1394
elf170,1948
elf170,2812
elf170,1240
elf170,4727
elf170,5359
elf170,3119
elf170,2511
elf170,2913
elf170,2763
elf171,25820
elf171,24769
elf172,2645
elf172,1917
elf172,5280
elf172,1864
elf172,5772
elf172,2984
elf172,1410
elf172,3052
elf172,3599
elf172,2034
elf172,4122
elf172,3678
elf172,1502
elf172,1107
elf173,3385
elf173,2149
elf173,2758
elf173,1895
elf173,6232
elf173,3858
elf173,6266
elf173,2861
elf173,6624
elf173,1078
elf173,6721
elf173,5652
elf174,6842
elf174,4520
elf174,4919
elf174,6678
elf174,3890
elf174,1823
elf174,6488
elf174,2575
elf174,5245
elf174,3696
elf174,4294
elf174,6071
elf174,5158
elf175,38153
elf176,4245
elf176,4359
elf176,6283
elf176,3510
elf176,2610
elf176,2592
elf176,4843
elf176,2179
elf176,1218
elf177,1895
elf177,3676
elf177,4307
elf177,1886
elf177,2495
elf177,2143
elf177,6751
elf177,6498
elf177,1546
elf177,4454
elf177,2203
elf177,6640
elf177,3713
elf178,6943
elf178,2324
elf178,3284
elf178,2277
elf178,1234
elf178,2005
elf178,1168
elf178,3585
elf178,1931
elf178,4371
elf178,5547
elf178,1237
elf178,6250
elf179,2722
elf179,6827
elf179,7366
elf179,7001
elf179,8320
elf179,8560
elf179,10331
elf180,7759
elf180,11634
elf180,4006
elf180,9406
elf180,12116
elf180,1403
elf180,10477
elf181,6213
elf181,6458
elf181,5178
elf181,9407
elf181,5651
elf181,5743
elf181,4120
elf182,9958
elf182,18260
elf182,9126
elf183,6239
elf183,3466
elf183,2939
elf183,4775
elf183,1326
elf183,6307
elf183,4255
elf183,2843
elf183,7634
elf183,5993
elf183,4585
elf184,6607
elf184,8754
elf184,9714
elf184,9844
elf184,12936
elf185,20048
elf185,24368
elf185,16320
elf186,6152
elf186,1868
elf186,2057
elf186,6981
elf186,6244
elf186,6557
elf186,2858
elf186,4943
elf186,2261
elf186,7241
elf186,6353
elf187,3362
elf187,1989
elf187,4154
elf187,6154
elf187,4409
elf187,5546
elf187,1202
elf187,6484
elf187,2812
elf187,4690
elf187,6080
elf187,2564
elf187,6001
elf187,1379
elf188,4859
elf188,7852
elf188,4538
elf188,1495
elf188,6904
elf188,7849
elf188,4937
elf188,2986
elf188,8593
elf188,4164
elf189,2338
elf189,1139
elf189,4118
elf189,2916
elf189,2087
elf189,2180
elf189,1476
elf189,1669
elf189,6375
elf189,2689
elf189,3890
elf189,6928
elf190,2032
elf190,2582
elf190,3926
elf190,2966
elf190,4326
elf190,1334
elf190,4264
elf190,1151
elf190,1513
elf190,3098
elf190,2618
elf190,4087
elf190,5318
elf190,5287
elf190,4176
elf191,2012
elf191,3358
elf191,12673
elf191,15745
elf191,13638
elf192,18797
elf192,6045
elf192,12915
elf193,10036
elf193,10932
elf193,11869
elf193,6686
elf193,2505
elf193,4998
elf193,2545
elf194,9353
elf194,24442
elf194,15660
elf195,1563
elf195,6832
elf195,6212
elf195,7249
elf195,5815
elf195,3135
elf195,4260
elf195,1632
elf195,1105
elf195,2628
elf195,1693
elf195,4728
elf196,5564
elf196,3863
elf196,2269
elf196,1623
elf196,3527
elf196,2445
elf196,4823
elf196,2271
elf196,1102
elf196,2110
elf196,3765
elf196,1731
elf196,4149
elf196,2924
elf196,3807
elf197,3049
elf197,8544
elf197,2753
elf197,1454
elf197,6543
elf197,2379
elf197,6571
elf197,3467
elf197,5347
elf198,4430
elf198,6186
elf198,8128
elf198,6013
elf198,8050
elf198,6688
elf198,5697
elf198,5250
elf198,3077
elf198,4775
elf199,5639
elf199,1567
elf199,4651
elf199,2362
elf199,1676
elf199,2033
elf199,2843
elf199,1577
elf199,5838
elf199,5545
elf199,5803
elf199,2561
elf199,1774
elf199,5371
elf199,4177
elf200,2934
elf200,4347
elf200,5400
elf200,1017
elf200,1907
elf200,5367
elf200,3233
elf200,3201
elf200,6389
elf200,3857
elf200,1884
elf200,2082
elf200,5091
elf200,1362
elf201,3574
elf201,1873
elf201,5995
elf201,3908
elf201,6154
elf201,5350
elf201,1856
elf201,5219
elf201,5865
elf201,4628
elf201,4904
elf201,1988
elf201,3336
elf201,3602
elf202,17499
elf202,8319
elf202,8975
elf203,4570
elf203,8463
elf203,8389
elf203,5896
elf203,6657
elf203,5300
elf203,2953
elf203,5541
elf203,3791
elf203,8065
elf204,2177
elf204,7674
elf204,10338
elf204,6861
elf204,7176
elf204,12012
elf204,5930
elf205,11051
elf205,4024
elf205,11264
elf205,7017
elf205,7432
elf205,3699
elf205,6920
elf206,5220
elf206,3483
elf206,7075
elf206,5240
elf206,2156
elf206,2838
elf206,7600
elf206,7522
elf206,3647
elf206,3466
elf206,1903
elf207,2400
elf207,6060
elf207,3414
elf207,1852
elf207,6822
elf207,5793
elf207,4895
elf207,2960
elf207,6642
elf207,1477
elf207,1240
elf207,3047
elf207,6426
elf208,11128
elf208,22839
elf208,20660
elf209,5889
elf209,3600
elf209,7076
elf209,4431
elf209,3604
elf209,4256
elf209,2548
elf209,5482
elf209,3501
elf209,5278
elf210,3410
elf210,3519
elf210,9965
elf210,12953
elf210,9463
elf210,6493
elf211,3949
elf211,5992
elf211,2986
elf211,2886
elf211,1598
elf211,3393
elf211,5766
elf211,3427
elf211,3750
elf211,2125
elf211,2819
elf211,2818
elf211,3033
elf211,5536
elf211,4458
elf212,9958
elf212,8583
elf212,3283
elf212,6782
elf212,10683
elf212,3178
elf212,4486
elf213,7674
elf213,1680
elf213,2315
elf213,7486
elf213,3096
elf213,4386
elf213,1553
elf213,3675
elf213,4100
elf213,7705
elf213,3479
elf214,6402
elf214,3133
elf214,3192
elf214,3227
elf214,2933
elf214,6881
elf214,3088
elf214,8628
elf214,2271
elf215,3697
elf215,4072
elf215,4962
elf215,6101
elf215,4711
elf215,2184
elf215,5168
elf215,3172
elf215,1076
elf215,4206
elf215,4876
elf215,6040
elf215,1844
elf215,2792
elf215,2138
elf216,5141
elf216,6671
elf216,7291
elf216,8327
elf216,9200
elf216,1479
elf216,2338
elf216,9402
elf216,4860
elf217,12944
elf217,3176
elf217,1343
elf218,8561
elf218,4339
elf218,4569
elf218,5435
elf218,4568
elf218,10420
elf218,6843
elf219,2642
elf219,11252
elf219,3981
elf219,7926
elf219,9800
elf220,6046
elf220,3747
elf220,3534
elf220,5597
elf220,1487
elf220,2726
elf220,3469
elf220,4202
elf220,5847
elf220,3297
elf220,6666
elf220,3832
elf221,10609
elf221,2492
elf221,1269
elf221,2012
elf221,5583
elf221,7277
elf221,4471
elf221,9874
elf222,4697
elf222,3030
elf222,3002
elf222,6541
elf222,1895
elf222,1254
elf222,2032
elf222,6218
elf222,2624
elf222,4494
elf222,3822
elf223,1077
elf223,5664
elf223,2566
elf223,2028
elf223,6227
elf223,5342
elf223,6013
elf223,5994
elf223,6331
elf223,5290
elf223,4154
elf223,1985
elf223,3748
elf223,3666
elf224,5745
elf224,1780
elf224,6074
elf224,5641
elf224,2102
elf224,5400
elf224,2585
elf224,6776
elf224,1732
elf224,6493
elf224,4095
elf224,2228
elf224,4647
elf225,5283
elf225,6675
elf225,6784
elf225,1759
elf225,6256
elf225,5952
elf225,2476
elf225,4176
elf225,3949
elf225,3097
elf225,5127
elf225,6465
elf225,2571
elf226,4670
elf226,5896
elf226,3916
elf226,8881
elf226,6058
elf226,10440
elf226,9862
elf226,10596
elf227,10471
elf227,7667
elf227,2665
elf227,10829
elf227,6934
elf227,2179
elf227,5155
elf228,3258
elf228,4634
elf228,6263
elf228,2398
elf228,6452
elf228,1536
elf228,3066
elf228,2195
elf228,3431
elf228,1245
elf228,2672
elf228,2692
elf228,1056
elf228,3313
elf229,7418
elf229,1070
elf229,2436
elf229,5831
elf229,4648
elf229,3358
elf229,2808
elf229,4966
elf229,5358
elf229,3868
elf229,2124
elf230,4779
elf230,5703
elf230,3827
elf230,4386
elf230,6424
elf230,4582
elf230,4501
elf230,2325
elf230,1586
elf230,1450
elf230,5306
elf230,6237
elf230,1210
elf231,4882
elf231,4275
elf231,1094
elf231,3855
elf231,5611
elf231,5650
elf231,2271
elf231,1769
elf231,5764
elf231,5895
elf231,2891
elf231,2344
elf231,5228
elf231,6017
elf231,4763
elf232,20686
elf232,14164
elf232,24547
elf233,26116
elf233,2047
elf234,64931
elf235,11106
elf235,11298
elf235,3236
elf235,2998
elf235,3995
elf235,10523
elf236,1230
elf236,3999
elf236,2775
elf236,2882
elf236,4474
elf236,2490
elf236,5185
elf236,3853
elf236,6045
elf236,1786
elf236,3372
elf236,3548
elf236,2217
elf236,1424
elf237,4424
elf237,2982
elf237,3616
elf237,1397
elf237,4217
elf237,3084
elf237,2641
elf237,2703
elf237,1247
elf237,1131
elf237,3372
elf237,1664
elf237,1351
elf237,2609
elf237,4200
elf238,10258
elf238,1295
elf238,10597
elf238,5712
elf238,8643
elf238,7976
elf238,5578
elf238,2924
elf239,1514
elf239,8050
elf239,4828
elf239,8746
elf239,5551
elf239,8739
elf239,1382
elf239,8218
elf239,6875
elf239,6039
elf240,45328
elf241,18784
elf241,21739
elf242,2884
elf242,7165
elf242,8039
elf242,3978
elf242,6701
elf242,2646
elf242,6171
elf242,3899
elf242,2700
elf243,6461
elf243,4227
elf243,7052
elf243,1458
elf243,6367
elf243,4403
elf243,2232
elf243,7085
elf244,3490
elf244,4126
elf244,6334
elf244,2320
elf244,4354
elf244,5981
elf244,4319
elf244,2031
elf244,1629
elf245,5536
elf245,3182
elf245,6285
elf245,1561
elf245,1215
elf245,2367
elf245,5133
elf245,2720
elf245,3062
elf245,6456
elf245,6160
elf245,3248
elf245,5430
elf245,3354
elf246,2124
elf246,7143
elf246,6779
elf246,2022
elf246,2034
elf246,9093
elf246,4122
elf246,1303
elf246,5054
